2025-05-28 12:14:43 ,content2
2025-05-28 12:17:31 ,content2
2025-05-28 12:18:51 ,content2
2025-05-28 12:22:03 ,content2
2025-05-28 12:22:37 ,content2
2025-05-28 12:28:06 ,content2
2025-05-28 12:28:58 ,content2
2025-05-28 12:30:55 ,content2
2025-05-28 12:32:39 ,content2
2025-05-28 12:33:36 ,content2
2025-05-28 12:43:16 ,content2
2025-05-28 12:52:18 ,content2
2025-05-28 13:25:42 ,content2
2025-05-28 13:26:46 ,content2
2025-05-28 13:28:17 ,content2
2025-05-28 13:28:18 ,Quiz1,Answer,2,Ã—,Time,1.53
2025-05-28 13:30:11 ,content2
2025-05-28 13:37:55 ,content2
2025-05-28 13:41:22 ,content2
2025-05-28 13:46:41 ,content2
2025-05-28 13:52:03 ,content2
2025-05-28 13:53:58 ,content2
2025-05-28 14:00:40 ,content2
2025-05-28 14:02:17 ,content2
2025-05-28 14:07:58 ,content2
2025-05-28 14:12:53 ,content2
2025-05-28 14:16:28 ,content2
2025-05-28 14:29:49 ,content2
2025-05-28 14:31:10 ,content2
2025-05-28 14:49:20 ,content2
2025-05-28 14:52:27 ,content2
2025-05-28 14:55:36 ,content2
2025-05-28 14:58:28 ,content2
2025-05-28 15:29:01 ,content2
2025-05-28 15:32:47 ,content2
2025-05-28 15:40:10 ,content2
2025-05-28 15:46:05 ,content2
2025-05-28 15:49:03 ,content2
2025-05-28 15:50:19 ,content2
2025-05-28 15:58:29 ,content2
2025-05-28 16:00:23 ,content2
2025-05-28 16:17:48 ,content2
